make,model,year,engine_hp,engine_torque,transmission,driven_wheels,number_of_doors,vehicle_size,vehicle_style,city_mpg,highway_mpg,popularity,price
Nissan,Altima,2011,80,123,CVT,rear_wheel_drive,4,Midsize,Wagon,35,40,4108,6307
Chevrolet,Equinox,2024,178,373,Manual,front_wheel_drive,4,Large,SUV,28,31,3298,29220
Hyundai,Sonata,2019,117,202,CVT,rear_wheel_drive,4,Compact,Hatchback,25,32,4890,13017
Chevrolet,Equinox,2015,126,204,Dual-Clutch,all_wheel_drive,3,Compact,SUV,26,29,2624,10683
Ford,Fusion,2012,120,189,Automatic,rear_wheel_drive,3,Compact,Wagon,29,37,1185,9774
Mercedes-Benz,E-Class,2011,107,235,CVT,all_wheel_drive,4,Large,Wagon,19,23,2579,27469
Mercedes-Benz,E-Class,2023,152,280,Dual-Clutch,all_wheel_drive,4,Large,Sedan,23,27,1793,69714
Honda,Civic,2015,108,240,Manual,all_wheel_drive,4,Large,Coupe,15,21,2415,12128
Hyundai,Elantra,2015,164,257,Dual-Clutch,rear_wheel_drive,4,Midsize,Sedan,27,31,878,11906
Kia,Sportage,2008,147,267,Manual,all_wheel_drive,4,Midsize,Wagon,29,32,4689,6681
Honda,CR-V,2012,138,281,Manual,all_wheel_drive,4,Compact,Hatchback,22,33,1685,11273
Chevrolet,Equinox,2007,105,241,Automatic,rear_wheel_drive,4,Large,Hatchback,34,44,1592,7263
Honda,CR-V,2006,121,220,Automatic,all_wheel_drive,4,Compact,Sedan,18,21,760,8423
Chevrolet,Malibu,2016,188,400,Dual-Clutch,rear_wheel_drive,4,Large,Wagon,16,19,1448,12082
Toyota,Corolla,2010,175,418,Automatic,all_wheel_drive,3,Large,Hatchback,26,35,1399,10652
Mercedes-Benz,C-Class,2006,101,214,Automatic,front_wheel_drive,4,Large,Wagon,31,41,4040,17036
Toyota,Corolla,2005,155,269,Automatic,front_wheel_drive,4,Midsize,Hatchback,35,43,2086,5963
Nissan,Sentra,2016,188,287,Dual-Clutch,all_wheel_drive,4,Midsize,Wagon,22,26,2144,12547
Hyundai,Elantra,2016,67,159,CVT,front_wheel_drive,5,Large,SUV,31,41,3616,6331
Kia,Rio,2021,177,269,Automatic,rear_wheel_drive,5,Compact,Wagon,25,29,1158,16683
Chevrolet,Equinox,2014,117,278,Automatic,front_wheel_drive,4,Large,Wagon,24,30,1076,9010
Kia,Rio,2020,179,363,Dual-Clutch,all_wheel_drive,4,Large,Sedan,30,40,4677,22356
Chevrolet,Malibu,2019,112,273,CVT,all_wheel_drive,4,Compact,SUV,29,33,827,13297
Ford,Fusion,2019,60,138,Automatic,rear_wheel_drive,4,Large,Coupe,16,24,2627,10973
Honda,Accord,2023,69,172,Manual,all_wheel_drive,4,Compact,Sedan,34,36,3236,15405
Nissan,Rogue,2016,152,281,Dual-Clutch,rear_wheel_drive,4,Midsize,Coupe,33,38,442,13225
Mercedes-Benz,E-Class,2024,163,370,Automatic,front_wheel_drive,4,Midsize,Hatchback,21,26,1547,56752
Chevrolet,Malibu,2007,105,200,Automatic,front_wheel_drive,4,Compact,Coupe,27,35,2479,5509
Kia,Rio,2009,182,360,Manual,rear_wheel_drive,4,Midsize,Wagon,28,37,3759,8617
Nissan,Sentra,2023,67,143,Manual,rear_wheel_drive,4,Midsize,Coupe,27,29,626,12903
BMW,5 Series,2011,147,349,Dual-Clutch,all_wheel_drive,4,Compact,Sedan,22,28,1996,24614
BMW,5 Series,2013,89,221,Dual-Clutch,front_wheel_drive,4,Midsize,Sedan,21,29,4854,21991
Toyota,Camry,2011,117,265,Manual,rear_wheel_drive,4,Large,Coupe,25,30,2173,7430
Mercedes-Benz,E-Class,2022,152,292,Dual-Clutch,front_wheel_drive,2,Large,Sedan,32,37,505,54761
Ford,Escape,2008,107,206,Manual,rear_wheel_drive,2,Compact,Sedan,28,33,1673,6741
Kia,Rio,2018,131,293,Automatic,front_wheel_drive,4,Midsize,Coupe,23,30,4700,12982
Honda,Civic,2022,200,348,Manual,all_wheel_drive,4,Large,SUV,30,38,3840,30868
Honda,CR-V,2013,121,195,Manual,front_wheel_drive,4,Large,SUV,8,11,4374,8944
Kia,Sportage,2006,192,356,CVT,front_wheel_drive,4,Midsize,Hatchback,32,38,4327,8597
Hyundai,Elantra,2024,94,168,Manual,front_wheel_drive,5,Midsize,Sedan,15,20,1946,14369
Ford,Fusion,2019,176,316,Manual,front_wheel_drive,4,Large,Coupe,23,27,1578,19479
Nissan,Sentra,2011,222,385,CVT,front_wheel_drive,4,Large,Sedan,18,26,2495,12524
Chevrolet,Equinox,2016,60,93,Dual-Clutch,all_wheel_drive,5,Compact,Wagon,17,24,871,6777
Hyundai,Tucson,2012,110,167,CVT,rear_wheel_drive,4,Compact,Sedan,32,40,678,7651
Chevrolet,Malibu,2019,179,445,Automatic,front_wheel_drive,4,Large,Sedan,22,28,3001,21467
Chevrolet,Malibu,2007,140,270,CVT,all_wheel_drive,4,Compact,SUV,27,34,293,6619
Hyundai,Elantra,2018,169,318,Automatic,front_wheel_drive,4,Large,Coupe,25,31,2107,17093
Toyota,Camry,2021,120,262,Dual-Clutch,front_wheel_drive,4,Large,Sedan,28,36,1285,16529
BMW,3 Series,2008,154,265,CVT,rear_wheel_drive,4,Compact,SUV,25,28,2494,16949
Chevrolet,Malibu,2022,142,348,CVT,front_wheel_drive,3,Compact,Hatchback,17,23,3098,18923
Hyundai,Sonata,2012,208,476,Dual-Clutch,all_wheel_drive,4,Midsize,SUV,31,38,1892,10630
Hyundai,Tucson,2008,163,259,Automatic,all_wheel_drive,4,Midsize,SUV,22,29,1210,8600
Audi,A4,2006,167,320,CVT,rear_wheel_drive,4,Midsize,SUV,16,22,4105,24322
Toyota,Corolla,2010,129,307,Automatic,front_wheel_drive,4,Large,Sedan,22,33,2361,9354
Mercedes-Benz,C-Class,2014,126,308,CVT,all_wheel_drive,4,Compact,Sedan,34,42,3836,33125
Audi,A4,2008,128,252,Manual,front_wheel_drive,4,Large,Hatchback,30,41,3893,18049
Audi,A6,2022,170,359,CVT,front_wheel_drive,4,Compact,Wagon,23,32,2036,56263
Kia,Rio,2016,129,215,Dual-Clutch,front_wheel_drive,4,Large,Wagon,23,31,4975,10256
BMW,3 Series,2006,164,409,Dual-Clutch,rear_wheel_drive,4,Midsize,Wagon,23,29,4457,17751
Hyundai,Tucson,2014,254,440,Automatic,front_wheel_drive,4,Midsize,Hatchback,37,39,829,17285
BMW,3 Series,2008,194,474,CVT,all_wheel_drive,5,Midsize,Wagon,27,33,4478,23414
Ford,Focus,2018,134,288,Automatic,front_wheel_drive,3,Large,Wagon,28,39,3551,16053
Kia,Sportage,2020,210,443,Automatic,all_wheel_drive,3,Compact,SUV,31,34,4557,19504
Mercedes-Benz,C-Class,2019,130,262,Manual,front_wheel_drive,4,Compact,Sedan,26,32,4636,50613
BMW,5 Series,2012,60,104,Manual,all_wheel_drive,4,Midsize,Sedan,23,29,2240,22782
Honda,Civic,2018,100,168,Dual-Clutch,all_wheel_drive,4,Midsize,SUV,24,27,1744,14789
Chevrolet,Malibu,2012,60,103,Automatic,front_wheel_drive,5,Midsize,SUV,25,31,2900,5951
Ford,Escape,2020,132,223,Dual-Clutch,front_wheel_drive,4,Midsize,SUV,25,30,241,20482
Toyota,Corolla,2017,151,344,CVT,all_wheel_drive,4,Compact,Sedan,29,31,1555,11191
Mercedes-Benz,E-Class,2022,234,433,Automatic,rear_wheel_drive,4,Large,Wagon,25,29,4896,89907
Ford,Escape,2019,166,259,Automatic,front_wheel_drive,4,Large,SUV,29,31,2196,26106
Chevrolet,Malibu,2017,139,343,CVT,rear_wheel_drive,4,Large,Hatchback,25,31,1425,11549
Kia,Rio,2013,191,455,CVT,front_wheel_drive,3,Large,SUV,25,30,1313,12476
Chevrolet,Malibu,2019,60,146,Dual-Clutch,front_wheel_drive,4,Midsize,Coupe,13,21,1259,9574
Audi,A4,2017,162,404,Dual-Clutch,front_wheel_drive,2,Midsize,SUV,30,36,4750,34115
Chevrolet,Malibu,2005,189,316,CVT,front_wheel_drive,3,Midsize,Sedan,27,38,4599,8948
Audi,A6,2011,76,144,Dual-Clutch,rear_wheel_drive,5,Large,SUV,31,36,4797,19447
Kia,Sportage,2013,207,467,CVT,front_wheel_drive,4,Midsize,Coupe,8,11,440,13198
Nissan,Rogue,2005,167,367,Automatic,all_wheel_drive,4,Midsize,Hatchback,38,43,3928,6597
Audi,A4,2016,129,213,Automatic,all_wheel_drive,4,Compact,Wagon,24,27,2068,30530
Toyota,Corolla,2012,182,421,Manual,rear_wheel_drive,4,Compact,SUV,32,41,803,10488
Chevrolet,Equinox,2015,264,455,Automatic,front_wheel_drive,5,Midsize,Coupe,19,23,4513,21363
Chevrolet,Malibu,2023,159,274,CVT,all_wheel_drive,2,Compact,Coupe,29,39,2529,19633
Toyota,Camry,2021,162,330,Dual-Clutch,rear_wheel_drive,4,Compact,Hatchback,19,24,1900,22646
Honda,Civic,2012,127,266,Manual,front_wheel_drive,5,Midsize,Sedan,21,28,4748,8904
Hyundai,Tucson,2007,108,225,Dual-Clutch,all_wheel_drive,4,Midsize,SUV,36,47,955,5475
Nissan,Sentra,2007,192,306,CVT,all_wheel_drive,5,Midsize,Coupe,24,30,1912,7473
Mercedes-Benz,C-Class,2005,107,254,Automatic,rear_wheel_drive,3,Midsize,Hatchback,26,37,2966,15798
Audi,A6,2009,154,272,Manual,front_wheel_drive,4,Large,Wagon,30,32,3742,24357
Toyota,Camry,2014,126,205,CVT,front_wheel_drive,4,Large,Coupe,28,38,282,9064
Kia,Rio,2011,174,416,Manual,all_wheel_drive,4,Midsize,Hatchback,26,28,3212,9794
Audi,A4,2013,167,410,Manual,all_wheel_drive,5,Compact,Sedan,27,36,4592,34588
Hyundai,Sonata,2011,202,477,Automatic,all_wheel_drive,4,Midsize,Sedan,39,49,1617,9349
Kia,Sportage,2013,124,286,CVT,front_wheel_drive,4,Midsize,Coupe,25,35,1456,8533
Ford,Escape,2012,137,295,Dual-Clutch,rear_wheel_drive,4,Compact,Coupe,26,28,2274,10575
Chevrolet,Equinox,2016,101,207,Manual,rear_wheel_drive,4,Large,SUV,31,34,3729,7734
Ford,Escape,2006,128,203,Manual,front_wheel_drive,4,Midsize,Hatchback,32,34,3728,7895
Audi,A6,2005,169,323,Dual-Clutch,rear_wheel_drive,5,Midsize,Coupe,32,43,4196,18549
Hyundai,Sonata,2020,188,352,CVT,all_wheel_drive,4,Large,SUV,29,32,3339,21255
Nissan,Altima,2009,104,183,Manual,rear_wheel_drive,4,Large,SUV,18,29,3791,6523
Audi,A6,2007,193,429,Manual,rear_wheel_drive,4,Compact,Coupe,35,44,118,21952
Toyota,Camry,2016,218,435,Manual,rear_wheel_drive,4,Large,Sedan,18,24,3503,16989
BMW,3 Series,2012,171,270,CVT,all_wheel_drive,4,Large,Hatchback,27,35,4779,27941
Audi,A4,2007,244,420,CVT,front_wheel_drive,4,Large,Hatchback,20,23,4651,27703
Chevrolet,Equinox,2005,111,242,Dual-Clutch,all_wheel_drive,5,Compact,Sedan,25,34,3104,5811
Chevrolet,Equinox,2007,88,139,CVT,front_wheel_drive,4,Large,Coupe,27,34,1232,5761
Audi,A4,2009,61,143,CVT,front_wheel_drive,4,Large,Hatchback,27,36,3439,17322
Kia,Sportage,2019,225,449,Automatic,front_wheel_drive,4,Compact,Coupe,28,30,3411,18767
BMW,5 Series,2018,183,362,Dual-Clutch,rear_wheel_drive,5,Large,Coupe,35,37,3472,48048
Toyota,Corolla,2007,147,308,Manual,rear_wheel_drive,4,Large,SUV,28,36,1087,7900
Audi,A6,2005,164,381,CVT,front_wheel_drive,3,Compact,Sedan,24,33,3421,16170
Kia,Sportage,2009,94,174,Manual,front_wheel_drive,4,Midsize,Coupe,31,35,4715,4998
Chevrolet,Malibu,2018,272,592,Manual,rear_wheel_drive,4,Compact,Wagon,32,38,273,25764
Chevrolet,Malibu,2011,156,322,Automatic,all_wheel_drive,3,Large,Sedan,18,20,3841,8582
Hyundai,Elantra,2013,155,274,CVT,front_wheel_drive,4,Large,Hatchback,29,37,3152,10480
Audi,A6,2019,186,442,Dual-Clutch,all_wheel_drive,4,Large,SUV,29,35,826,52852
BMW,3 Series,2019,174,400,CVT,rear_wheel_drive,4,Compact,Hatchback,23,32,3860,47724
Honda,CR-V,2014,161,348,Manual,front_wheel_drive,5,Large,Hatchback,33,42,1975,13841
BMW,3 Series,2017,110,259,Dual-Clutch,all_wheel_drive,4,Large,Sedan,24,34,4133,31901
Chevrolet,Malibu,2023,174,412,CVT,all_wheel_drive,4,Compact,Hatchback,26,34,1089,25157
Chevrolet,Malibu,2011,244,539,Manual,all_wheel_drive,4,Midsize,Coupe,24,26,3844,17197
Ford,Focus,2021,217,507,Manual,rear_wheel_drive,4,Midsize,Hatchback,25,29,2786,29536
Chevrolet,Equinox,2024,230,505,Automatic,rear_wheel_drive,4,Large,SUV,18,27,519,28250
Toyota,Camry,2008,124,270,Automatic,all_wheel_drive,4,Compact,SUV,16,20,693,7282
Mercedes-Benz,C-Class,2009,101,214,Automatic,all_wheel_drive,3,Large,Wagon,35,44,1874,21711
Audi,A4,2011,144,324,Manual,rear_wheel_drive,4,Compact,SUV,20,22,2559,23376
BMW,3 Series,2017,153,254,CVT,all_wheel_drive,4,Compact,Hatchback,19,25,1035,36738
Mercedes-Benz,E-Class,2019,205,488,Automatic,all_wheel_drive,4,Midsize,SUV,12,17,3908,52363
Kia,Sportage,2015,65,154,CVT,rear_wheel_drive,3,Midsize,Sedan,21,27,431,5988
Honda,Accord,2008,226,346,Automatic,all_wheel_drive,4,Compact,SUV,17,26,3549,13210
Toyota,Camry,2017,142,330,Dual-Clutch,all_wheel_drive,4,Large,Coupe,35,46,2802,10952
BMW,5 Series,2011,129,210,Dual-Clutch,all_wheel_drive,4,Midsize,Sedan,31,36,4106,22112
Mercedes-Benz,E-Class,2023,99,182,Automatic,rear_wheel_drive,4,Large,Wagon,21,26,3968,59264
Honda,Accord,2006,67,150,Manual,all_wheel_drive,4,Midsize,Coupe,39,43,4300,4123
Ford,Fusion,2014,191,317,Automatic,rear_wheel_drive,4,Midsize,Hatchback,31,39,301,14001
Toyota,RAV4,2017,154,357,Automatic,rear_wheel_drive,4,Large,Hatchback,23,27,2597,11491
Toyota,RAV4,2010,86,201,Manual,front_wheel_drive,4,Midsize,Hatchback,10,14,1942,7416
Ford,Escape,2016,85,171,Dual-Clutch,front_wheel_drive,5,Midsize,Coupe,39,50,1966,8537
Audi,A4,2016,133,200,CVT,all_wheel_drive,5,Large,Coupe,17,23,2096,29678
Ford,Fusion,2024,233,416,Automatic,rear_wheel_drive,5,Midsize,Coupe,15,21,1009,35708
Toyota,Corolla,2015,137,290,Manual,front_wheel_drive,4,Midsize,Sedan,31,38,4405,13709
Toyota,Camry,2011,75,186,Automatic,all_wheel_drive,4,Midsize,Sedan,40,49,4758,6020
Mercedes-Benz,C-Class,2005,138,294,Manual,front_wheel_drive,5,Large,Hatchback,33,44,3289,18456
Chevrolet,Equinox,2005,136,239,CVT,front_wheel_drive,4,Compact,SUV,28,35,870,6779
Honda,CR-V,2024,60,128,CVT,rear_wheel_drive,2,Large,Hatchback,29,31,3255,14876
Ford,Fusion,2017,147,300,Dual-Clutch,rear_wheel_drive,3,Compact,Wagon,30,39,2601,13882
Honda,CR-V,2013,138,315,Manual,front_wheel_drive,4,Midsize,Sedan,30,39,2814,10795
Ford,Fusion,2007,185,297,Manual,front_wheel_drive,5,Compact,Coupe,27,37,4824,9846
Kia,Rio,2011,242,547,Dual-Clutch,rear_wheel_drive,4,Large,Sedan,26,36,3685,14455
Toyota,Corolla,2010,206,421,Dual-Clutch,all_wheel_drive,4,Large,Coupe,25,28,1728,11175
Chevrolet,Malibu,2012,137,337,Manual,rear_wheel_drive,4,Midsize,Wagon,20,23,486,9525
Mercedes-Benz,C-Class,2013,95,175,Dual-Clutch,front_wheel_drive,4,Compact,Wagon,23,27,3521,29193
Chevrolet,Equinox,2009,279,595,CVT,all_wheel_drive,4,Midsize,Sedan,15,17,4108,15311
Chevrolet,Equinox,2005,153,372,Automatic,front_wheel_drive,4,Midsize,Coupe,24,29,4193,6975
Chevrolet,Equinox,2023,151,242,CVT,all_wheel_drive,4,Large,Wagon,19,24,4463,24605
Honda,Civic,2014,149,363,Dual-Clutch,front_wheel_drive,5,Compact,Hatchback,18,28,2566,14551
Ford,Fusion,2016,160,350,Manual,all_wheel_drive,4,Compact,Hatchback,26,36,2382,14230
Nissan,Sentra,2019,143,224,Manual,all_wheel_drive,4,Compact,Coupe,33,43,1956,20709
Kia,Sportage,2013,121,218,CVT,front_wheel_drive,4,Compact,Sedan,31,42,2098,6766
BMW,5 Series,2024,123,272,Manual,all_wheel_drive,4,Midsize,Wagon,16,24,1336,43583
Chevrolet,Equinox,2021,148,232,Dual-Clutch,rear_wheel_drive,4,Midsize,Sedan,19,22,4769,20352
Audi,A4,2021,123,256,CVT,front_wheel_drive,4,Large,Hatchback,31,42,4244,48761
Honda,Accord,2024,114,210,Manual,rear_wheel_drive,4,Midsize,Wagon,19,25,1250,21884
Mercedes-Benz,E-Class,2016,155,329,Automatic,front_wheel_drive,4,Midsize,Sedan,24,29,4418,33612
BMW,3 Series,2011,137,212,Automatic,all_wheel_drive,5,Large,SUV,28,37,1531,23661
Nissan,Altima,2006,225,534,Dual-Clutch,all_wheel_drive,4,Large,Coupe,19,22,1919,8773
Audi,A4,2007,60,148,Manual,all_wheel_drive,4,Large,Coupe,26,33,2424,18197
Nissan,Altima,2021,205,506,Dual-Clutch,front_wheel_drive,4,Midsize,SUV,17,23,1230,25664
BMW,3 Series,2009,212,477,CVT,rear_wheel_drive,4,Midsize,Hatchback,21,24,2758,24921
Chevrolet,Malibu,2021,60,98,Automatic,rear_wheel_drive,4,Large,Wagon,27,38,3600,11315
Audi,A6,2021,133,300,CVT,front_wheel_drive,5,Large,Coupe,15,17,474,48130
Nissan,Rogue,2021,131,200,Manual,front_wheel_drive,5,Large,SUV,28,37,2220,14297
Mercedes-Benz,C-Class,2006,80,122,Dual-Clutch,rear_wheel_drive,4,Midsize,SUV,25,28,4120,15348
Ford,Escape,2006,111,202,Dual-Clutch,rear_wheel_drive,5,Midsize,Hatchback,28,36,2121,7934
Toyota,Corolla,2009,94,187,Dual-Clutch,rear_wheel_drive,4,Compact,Hatchback,26,36,3805,5490
Ford,Escape,2005,238,540,CVT,rear_wheel_drive,4,Midsize,Sedan,33,43,3359,13338
BMW,3 Series,2005,197,430,Automatic,front_wheel_drive,4,Midsize,Coupe,26,35,3535,21251
Honda,CR-V,2023,214,416,CVT,front_wheel_drive,5,Midsize,Sedan,22,33,1989,33416
Toyota,RAV4,2006,186,330,CVT,all_wheel_drive,4,Large,SUV,26,36,1923,8415
Kia,Sportage,2016,94,235,Manual,rear_wheel_drive,4,Midsize,Wagon,28,31,1574,8003
Mercedes-Benz,E-Class,2010,124,239,Manual,all_wheel_drive,4,Large,Wagon,25,32,2342,23807
Kia,Sportage,2008,174,340,Manual,front_wheel_drive,4,Compact,Hatchback,25,30,3343,6812
Audi,A6,2015,89,148,Automatic,front_wheel_drive,3,Compact,Wagon,21,26,3234,26094
Toyota,Corolla,2021,186,427,Automatic,all_wheel_drive,5,Large,Wagon,21,27,2170,30016
Kia,Rio,2010,138,303,Manual,rear_wheel_drive,4,Large,Wagon,17,21,459,7259
Kia,Sportage,2009,131,225,Manual,rear_wheel_drive,4,Large,SUV,35,37,2141,8191
Nissan,Rogue,2024,186,294,Automatic,rear_wheel_drive,5,Midsize,Wagon,18,27,1241,28469
Ford,Escape,2006,172,375,Dual-Clutch,rear_wheel_drive,4,Compact,Wagon,21,27,1735,7317
Nissan,Sentra,2010,132,284,Automatic,all_wheel_drive,5,Large,Wagon,21,25,4100,8148
Toyota,Camry,2015,208,369,Automatic,all_wheel_drive,4,Midsize,Sedan,30,41,2043,16642
Toyota,Corolla,2020,96,235,Automatic,front_wheel_drive,4,Compact,SUV,23,31,4874,13961
BMW,5 Series,2020,181,299,Manual,rear_wheel_drive,4,Midsize,Hatchback,32,40,3461,48084
Nissan,Rogue,2005,180,348,Dual-Clutch,rear_wheel_drive,5,Compact,Sedan,21,23,3080,7657
Hyundai,Tucson,2013,135,330,Automatic,rear_wheel_drive,4,Midsize,Coupe,27,37,106,9330
Ford,Focus,2010,166,319,Manual,all_wheel_drive,4,Compact,SUV,20,23,3367,9110
Toyota,Corolla,2020,87,186,CVT,rear_wheel_drive,2,Compact,SUV,38,44,1691,16002
BMW,5 Series,2007,196,372,CVT,all_wheel_drive,4,Midsize,Coupe,18,24,3364,20340
Nissan,Altima,2024,141,250,Automatic,rear_wheel_drive,4,Large,Coupe,27,36,2706,22426
Ford,Focus,2008,124,308,CVT,rear_wheel_drive,4,Compact,Coupe,29,38,3319,7620
Nissan,Altima,2023,202,386,Dual-Clutch,front_wheel_drive,5,Large,Hatchback,27,35,3373,24117
Kia,Rio,2007,115,275,CVT,rear_wheel_drive,3,Midsize,Wagon,24,32,1013,5358
BMW,5 Series,2023,80,138,CVT,rear_wheel_drive,4,Large,SUV,24,31,2111,43660
Ford,Focus,2024,72,123,Dual-Clutch,front_wheel_drive,4,Large,Wagon,25,32,1542,14480
Chevrolet,Malibu,2011,180,276,Automatic,all_wheel_drive,5,Large,Wagon,24,34,3154,10484
Audi,A4,2024,86,185,Automatic,all_wheel_drive,4,Large,Coupe,31,38,3646,52457
Audi,A6,2013,238,445,Dual-Clutch,rear_wheel_drive,4,Large,Hatchback,38,41,4321,35008
Ford,Fusion,2005,60,142,Dual-Clutch,all_wheel_drive,4,Compact,Sedan,22,25,3028,4057
Nissan,Altima,2012,235,464,Dual-Clutch,rear_wheel_drive,4,Compact,Hatchback,17,23,1929,13533
BMW,5 Series,2011,161,397,CVT,front_wheel_drive,4,Compact,Wagon,24,29,675,23282
Audi,A4,2022,145,244,Dual-Clutch,front_wheel_drive,4,Midsize,Hatchback,40,43,1029,58288
BMW,5 Series,2012,123,291,Manual,rear_wheel_drive,4,Large,Coupe,20,24,3859,22364
Audi,A6,2005,170,387,CVT,front_wheel_drive,4,Compact,Sedan,35,43,3799,21816
Kia,Rio,2015,148,336,Automatic,front_wheel_drive,4,Midsize,Coupe,35,44,1563,9349
Nissan,Rogue,2022,205,481,Automatic,rear_wheel_drive,4,Compact,Sedan,22,29,3375,22786
Kia,Rio,2014,156,353,Automatic,rear_wheel_drive,4,Compact,Wagon,28,34,1154,8276
Audi,A6,2007,158,336,CVT,front_wheel_drive,4,Large,Sedan,35,37,2000,25415
Chevrolet,Malibu,2011,132,215,Manual,all_wheel_drive,4,Midsize,Sedan,23,32,1557,7590
Chevrolet,Malibu,2020,147,225,Dual-Clutch,all_wheel_drive,4,Large,Sedan,24,28,1499,19233
Kia,Rio,2020,165,399,Dual-Clutch,rear_wheel_drive,4,Large,Hatchback,22,29,3515,19430
Chevrolet,Equinox,2024,64,135,Automatic,rear_wheel_drive,4,Compact,Hatchback,19,23,542,13031
Audi,A4,2021,83,191,Automatic,all_wheel_drive,4,Large,Wagon,21,29,3750,44418
Ford,Fusion,2006,187,371,CVT,front_wheel_drive,4,Midsize,Sedan,18,26,4752,8447
Kia,Rio,2005,159,257,Manual,all_wheel_drive,4,Large,SUV,25,35,1278,5913
Honda,CR-V,2020,141,229,Dual-Clutch,all_wheel_drive,4,Large,Wagon,20,26,4558,17685
Nissan,Sentra,2016,151,330,CVT,all_wheel_drive,4,Large,Sedan,26,35,1357,12357
Chevrolet,Malibu,2009,167,322,Dual-Clutch,all_wheel_drive,4,Compact,Sedan,16,27,3734,9291
Chevrolet,Equinox,2009,123,209,Automatic,rear_wheel_drive,4,Midsize,Hatchback,27,38,1941,6985
Toyota,Corolla,2013,111,221,Dual-Clutch,rear_wheel_drive,4,Compact,Wagon,30,39,2409,7003
Hyundai,Elantra,2013,160,250,Manual,front_wheel_drive,4,Compact,Sedan,13,15,1010,9908
Kia,Rio,2007,101,210,Manual,front_wheel_drive,5,Compact,Sedan,27,33,4440,4858
Mercedes-Benz,C-Class,2023,170,301,Automatic,front_wheel_drive,4,Compact,Wagon,32,36,4737,71030
Chevrolet,Equinox,2020,65,149,Manual,front_wheel_drive,4,Compact,SUV,18,20,4109,10780
Nissan,Rogue,2020,201,364,Manual,all_wheel_drive,4,Midsize,Wagon,35,40,2269,22624
Honda,CR-V,2007,174,340,CVT,rear_wheel_drive,4,Large,Wagon,28,37,2272,9279
Chevrolet,Malibu,2024,163,246,Dual-Clutch,rear_wheel_drive,4,Compact,SUV,21,25,223,27290
Honda,Accord,2005,199,313,Automatic,front_wheel_drive,3,Compact,Wagon,25,36,3258,9024
Audi,A6,2024,233,441,Automatic,front_wheel_drive,4,Midsize,Sedan,28,31,885,62649
Audi,A6,2015,201,398,Automatic,all_wheel_drive,5,Midsize,Wagon,25,35,2516,29561
Hyundai,Tucson,2021,60,126,Automatic,all_wheel_drive,4,Large,SUV,28,39,896,9722
Ford,Fusion,2012,86,154,Automatic,front_wheel_drive,4,Midsize,Coupe,19,25,4272,6324
Mercedes-Benz,E-Class,2008,119,261,Manual,rear_wheel_drive,4,Large,Wagon,26,34,4254,18761
Toyota,Camry,2010,151,356,CVT,rear_wheel_drive,4,Compact,Hatchback,17,20,2036,9227
Hyundai,Elantra,2012,176,401,Automatic,rear_wheel_drive,4,Compact,Sedan,24,34,2256,8991
BMW,5 Series,2024,114,176,CVT,front_wheel_drive,4,Large,Sedan,20,30,3907,52127
Toyota,Camry,2007,159,315,CVT,rear_wheel_drive,4,Midsize,Hatchback,21,26,1401,9152
Kia,Rio,2020,112,180,Manual,all_wheel_drive,4,Large,Hatchback,32,37,4263,12346
Nissan,Rogue,2007,119,207,Automatic,all_wheel_drive,2,Midsize,Wagon,32,39,3240,6666
BMW,3 Series,2022,80,199,Manual,front_wheel_drive,4,Compact,Hatchback,29,40,3336,34065
BMW,3 Series,2018,104,171,Automatic,all_wheel_drive,4,Midsize,Coupe,18,29,2452,31300
Hyundai,Tucson,2022,82,164,Manual,front_wheel_drive,5,Large,SUV,23,34,2032,11924
Ford,Escape,2006,101,214,CVT,rear_wheel_drive,5,Large,Hatchback,32,39,2821,5234
Hyundai,Sonata,2007,203,447,Automatic,rear_wheel_drive,4,Compact,Hatchback,26,28,464,10221
Kia,Rio,2020,103,212,Dual-Clutch,rear_wheel_drive,4,Midsize,Coupe,39,49,2490,11695
Chevrolet,Malibu,2013,282,426,CVT,all_wheel_drive,4,Midsize,Sedan,27,30,1046,19193
Chevrolet,Equinox,2008,175,320,Dual-Clutch,front_wheel_drive,4,Midsize,Sedan,26,32,1477,8850
Ford,Focus,2005,159,321,CVT,rear_wheel_drive,5,Compact,Wagon,23,33,1539,8711
Kia,Sportage,2008,107,170,Manual,front_wheel_drive,4,Midsize,Coupe,26,31,3280,5866
Ford,Fusion,2005,185,342,Automatic,rear_wheel_drive,4,Large,SUV,24,28,4957,9519
Honda,Accord,2018,121,186,CVT,all_wheel_drive,4,Midsize,SUV,29,37,440,15533
Chevrolet,Malibu,2020,156,246,Manual,all_wheel_drive,4,Compact,Coupe,31,38,3089,20450
BMW,3 Series,2024,278,527,Automatic,front_wheel_drive,4,Midsize,SUV,20,29,482,75791
Mercedes-Benz,C-Class,2012,145,237,Automatic,all_wheel_drive,5,Midsize,Sedan,17,21,1656,26048
Nissan,Sentra,2011,207,428,CVT,all_wheel_drive,4,Large,SUV,14,20,399,12694
Kia,Rio,2007,115,252,Automatic,front_wheel_drive,4,Midsize,SUV,28,39,238,5412
Toyota,Corolla,2021,148,340,CVT,rear_wheel_drive,5,Large,Coupe,18,23,458,17102
Ford,Fusion,2005,239,406,Automatic,all_wheel_drive,4,Large,Coupe,12,17,1622,8906
Nissan,Rogue,2020,119,198,Dual-Clutch,front_wheel_drive,4,Compact,SUV,27,32,3556,13257
Toyota,Corolla,2016,241,387,Manual,all_wheel_drive,2,Large,Hatchback,40,51,1727,22628
Nissan,Sentra,2023,185,395,Dual-Clutch,all_wheel_drive,4,Large,Coupe,25,34,1403,30969
Mercedes-Benz,C-Class,2018,122,269,CVT,all_wheel_drive,5,Compact,Wagon,30,37,1234,47006
Toyota,Camry,2010,182,279,Dual-Clutch,all_wheel_drive,4,Large,Wagon,25,29,2286,8901
Hyundai,Sonata,2010,199,485,CVT,front_wheel_drive,5,Compact,Sedan,24,35,3270,10727
Audi,A6,2017,181,281,Automatic,front_wheel_drive,4,Midsize,SUV,31,37,3935,32053
Hyundai,Elantra,2023,71,145,Automatic,front_wheel_drive,5,Compact,Hatchback,23,30,2251,12520
Chevrolet,Malibu,2012,114,252,CVT,all_wheel_drive,4,Large,Sedan,27,33,1337,8472
Audi,A4,2006,138,327,Dual-Clutch,all_wheel_drive,4,Compact,SUV,27,34,3835,19320
Hyundai,Elantra,2005,146,323,Automatic,all_wheel_drive,2,Large,Coupe,21,30,2934,6241
Audi,A6,2019,181,417,Manual,front_wheel_drive,5,Midsize,Wagon,31,39,4360,46145
Audi,A6,2005,159,292,Automatic,all_wheel_drive,4,Compact,Hatchback,24,30,1098,20171
BMW,3 Series,2009,83,192,Manual,rear_wheel_drive,4,Midsize,Wagon,20,31,2667,16296
Ford,Focus,2020,169,267,Dual-Clutch,all_wheel_drive,4,Large,Coupe,28,35,1407,19004
Ford,Focus,2023,181,433,Manual,rear_wheel_drive,4,Large,SUV,20,25,756,34803
BMW,5 Series,2008,178,364,Manual,all_wheel_drive,5,Midsize,Coupe,25,35,2760,21960
Nissan,Rogue,2007,204,473,Manual,front_wheel_drive,4,Compact,Coupe,25,30,2311,9685
Honda,CR-V,2021,192,375,Manual,all_wheel_drive,4,Compact,Wagon,32,34,2009,24215
Nissan,Altima,2021,173,371,Automatic,rear_wheel_drive,4,Large,Hatchback,28,36,3830,23874
Toyota,Camry,2016,146,296,Manual,rear_wheel_drive,3,Midsize,Coupe,25,33,2146,12114
Toyota,RAV4,2018,67,150,Automatic,all_wheel_drive,4,Midsize,Wagon,30,35,3262,11578
Audi,A6,2010,171,270,Manual,rear_wheel_drive,2,Compact,Hatchback,33,37,1240,24616
Hyundai,Elantra,2007,160,250,CVT,rear_wheel_drive,4,Compact,SUV,28,37,366,8170
Hyundai,Tucson,2013,164,287,Dual-Clutch,front_wheel_drive,4,Compact,SUV,25,31,1945,9853
Ford,Fusion,2009,86,143,Manual,all_wheel_drive,4,Midsize,Sedan,17,28,1808,7165
Kia,Rio,2021,96,228,CVT,all_wheel_drive,4,Compact,Wagon,19,27,3730,11685
Nissan,Sentra,2018,203,349,Manual,all_wheel_drive,4,Compact,Hatchback,23,28,3311,24679
Chevrolet,Equinox,2007,148,366,Manual,rear_wheel_drive,4,Large,Coupe,21,26,2393,7565
Mercedes-Benz,E-Class,2005,184,338,Manual,all_wheel_drive,2,Compact,SUV,24,33,3832,25579
Hyundai,Sonata,2024,151,254,CVT,all_wheel_drive,5,Compact,Hatchback,25,34,3929,23912
Mercedes-Benz,E-Class,2005,151,346,Dual-Clutch,front_wheel_drive,5,Midsize,Wagon,28,31,1610,16639
Audi,A6,2007,197,425,CVT,front_wheel_drive,4,Midsize,Sedan,25,28,575,19389
Mercedes-Benz,C-Class,2022,124,248,Dual-Clutch,front_wheel_drive,4,Large,SUV,28,32,1076,64894
